dimension,value,defense,planned,status,asr_k,asr_n,asr_pct,exposure_k,exposure_n,exposure_pct,asr_exposed_k,asr_exposed_n,asr_exposed_pct
style,direct,D0,40,not started (0/40),0,0,,0,0,,0,0,
style,fake_system,D0,40,not started (0/40),0,0,,0,0,,0,0,
style,authority,D0,40,not started (0/40),0,0,,0,0,,0,0,
style,metadata_note,D0,40,not started (0/40),0,0,,0,0,,0,0,
style,hindi,D0,40,not started (0/40),0,0,,0,0,,0,0,
style,direct,D1,40,not started (0/40),0,0,,0,0,,0,0,
style,fake_system,D1,40,not started (0/40),0,0,,0,0,,0,0,
style,authority,D1,40,not started (0/40),0,0,,0,0,,0,0,
style,metadata_note,D1,40,not started (0/40),0,0,,0,0,,0,0,
style,hindi,D1,40,not started (0/40),0,0,,0,0,,0,0,
style,direct,D2,40,not started (0/40),0,0,,0,0,,0,0,
style,fake_system,D2,40,not started (0/40),0,0,,0,0,,0,0,
style,authority,D2,40,not started (0/40),0,0,,0,0,,0,0,
style,metadata_note,D2,40,not started (0/40),0,0,,0,0,,0,0,
style,hindi,D2,40,not started (0/40),0,0,,0,0,,0,0,
placement,report,D0,100,not started (0/100),0,0,,0,0,,0,0,
placement,metadata,D0,100,not started (0/100),0,0,,0,0,,0,0,
placement,report,D1,100,not started (0/100),0,0,,0,0,,0,0,
placement,metadata,D1,100,not started (0/100),0,0,,0,0,,0,0,
placement,report,D2,100,not started (0/100),0,0,,0,0,,0,0,
placement,metadata,D2,100,not started (0/100),0,0,,0,0,,0,0,
